"id","sentiment"
"10616_1",0.30875
"10841_3",0.382324
"4950_1",0.370621
"12245_10",0.627934
"11579_1",0.37495
"7902_9",0.600668
"3086_7",0.612562
"10136_1",0.399717
"9902_1",0.397806
"8154_1",0.397097
"4847_10",0.654735
"4125_1",0.399082
"2394_10",0.60978
"9882_10",0.627223
"6733_1",0.395567
"10313_1",0.397571
"1472_1",0.397561
"6396_4",0.61612
"11690_1",0.378381
"7701_1",0.380522
"5707_10",0.618899
"6289_1",0.347158
"10116_1",0.397776
"9966_10",0.615161
"5980_10",0.611626
"948_1",0.38203
"11967_4",0.383539
"11706_2",0.384299
"7561_10",0.608758
"7874_1",0.384783
"2311_4",0.391491
"5238_2",0.35511
"819_1",0.293034
"8496_10",0.603362
"7244_1",0.375191
"6854_1",0.262032
"6920_1",0.361689
"10845_1",0.37432
"10330_2",0.389331
"8190_9",0.604374
"248_2",0.38559
"1218_1",0.397509
"773_8",0.620144
"9745_1",0.35752
"1866_1",0.391491
"8752_9",0.639229
"11343_8",0.600793
"1633_1",0.393443
"8980_3",0.61483
"1846_8",0.609422
"2634_1",0.362832
"2903_7",0.618273
"4210_1",0.398417
"9906_9",0.605496
"11318_1",0.386385
"6714_4",0.376152
"8520_1",0.333991
"681_7",0.604244
"1000_9",0.615739
"3730_1",0.353857
"4685_2",0.39902
"11304_1",0.384076
"4781_1",0.391043
"2139_1",0.392655
"10088_1",0.376397
"9258_9",0.630802
"4770_10",0.625744
"8932_1",0.384946
"9444_10",0.606315
"6275_1",0.388096
"9265_9",0.604527
"5897_10",0.645923
"1536_3",0.39246
"570_1",0.367692
"1240_1",0.391865
"231_1",0.358412
"3536_1",0.396007
"7809_10",0.620313
"768_10",0.61601
"2071_10",0.604923
"4044_2",0.367776
"2707_3",0.3807
"657_10",0.648957
"8112_1",0.358018
"4047_2",0.37565
"60_1",0.386171
"11099_10",0.681309
"5676_1",0.296774
"10821_8",0.630512
"11072_2",0.376152
"4878_1",0.39508
"9056_10",0.609973
"6401_1",0.34244
"7314_10",0.645692
"5020_2",0.359309
"4689_1",0.36486
"6081_10",0.608051
"7630_1",0.329688
"9261_10",0.640525
"5366_10",0.61299
"10483_8",0.630434
"4252_1",0.396639
"250_10",0.609151
"10308_1",0.360777
"8240_10",0.601394
"10206_8",0.604008
"1931_10",0.611727
"5092_9",0.601116
"8566_2",0.360467
"911_10",0.625578
"4199_1",0.381772
"4059_1",0.382417
"7991_1",0.391442
"84_3",0.394652
"2901_7",0.605792
"4588_1",0.396703
"10702_10",0.608693
"2384_8",0.601524
"7815_1",0.397457
"57_10",0.614611
"3713_10",0.620483
"10877_10",0.600514
"2839_1",0.324585
"9419_1",0.386958
"11073_3",0.388374
"7708_10",0.621601
"901_1",0.329549
"11360_10",0.638795
"10299_1",0.373059
"11370_10",0.64243
"1534_4",0.355205
"12409_10",0.60146
"867_9",0.601147
"11357_1",0.389459
"9427_7",0.600487
"1781_1",0.397525
"1408_10",0.60665
"19_1",0.397441
"132_1",0.39896
"2725_10",0.634107
"875_10",0.629263
"8819_3",0.385666
"11153_2",0.384446
"8259_2",0.369291
"1904_2",0.363632
"9210_1",0.385395
"10891_1",0.321239
"290_1",0.377112
"2312_10",0.629526
"8743_10",0.618707
"11019_2",0.378291
"6856_2",0.398443
"4822_8",0.384108
"8090_1",0.335132
"6173_1",0.394359
"7563_9",0.689326
"4666_1",0.355267
"11410_7",0.396208
"10893_8",0.609215
"4031_1",0.377859
"442_10",0.638595
"10948_1",0.369446
"3011_7",0.605463
"12312_1",0.372414
"11907_9",0.605661
"9217_1",0.358758
"11548_10",0.610693
"12032_1",0.388391
"64_3",0.389066
"192_10",0.60281
"3706_1",0.3759
"6151_10",0.668398
"805_1",0.393944
"10934_3",0.319388
"26_10",0.637298
"10052_7",0.620165
"4703_10",0.61438
"10811_9",0.608226
"8657_1",0.392936
"68_9",0.618654
"2582_2",0.377294
"5540_7",0.612731
"4038_2",0.38782
"12095_3",0.391646
"8450_1",0.335548
"1966_1",0.337314
"8025_1",0.397297
"12316_1",0.385062
"5092_1",0.383047
"3949_2",0.380198
"3615_1",0.3094
"4399_1",0.391637
"12076_10",0.604241
"9751_1",0.380638
"4717_1",0.375007
"6947_1",0.39603
"6021_10",0.654403
"6117_10",0.634705
"9898_10",0.609112
"4056_8",0.608397
"10956_4",0.399977
"8804_10",0.60107
"9366_1",0.37041
"10834_2",0.332626
"11742_9",0.600272
"10614_9",0.614623
"12442_1",0.350625
"9357_8",0.618569
"2818_2",0.377329
"7911_2",0.377809
"7687_10",0.605269
"11822_1",0.399365
"7820_1",0.330956
"5533_7",0.633587
"8755_9",0.60546
"3367_1",0.362948
"12042_9",0.604622
"5303_1",0.374812
"8743_1",0.287855
"5345_2",0.319168
"3628_1",0.371693
"11062_2",0.388644
"10365_7",0.616533
"7071_1",0.399772
"5132_1",0.360816
"5334_1",0.384053
"2455_8",0.602969
"2638_1",0.365369
"5575_1",0.390009
"3935_4",0.602647
"6615_1",0.35718
"7256_10",0.61902
"3226_10",0.614244
"8564_1",0.392407
"10296_8",0.601594
"1509_2",0.378436
"11137_1",0.344674
"10987_1",0.379957
"4184_1",0.392762
"10704_1",0.375944
"1770_10",0.659082
"4475_10",0.6238
"6604_7",0.610113
"3197_1",0.384972
"2220_1",0.379163
"8594_10",0.606757
"10445_1",0.373486
"3855_10",0.625811
"12446_1",0.390346
"1406_10",0.604568
"12096_1",0.384066
"11686_2",0.367548
"4387_9",0.610421
"8001_1",0.346319
"9202_2",0.343858
"8436_10",0.608911
"2656_1",0.371457
"5439_1",0.388967
"12298_2",0.281562
"11377_10",0.635425
"1959_1",0.362948
"4408_1",0.386439
"7835_1",0.330331
"1476_8",0.621244
"602_10",0.603532
"10051_2",0.370137
"2906_1",0.392898
"123_10",0.604054
"2324_9",0.60857
"7083_9",0.622635
"2054_1",0.333243
"10305_10",0.624149
"8485_1",0.395319
"8476_8",0.603145
"4640_10",0.638426
"10576_1",0.393629
"2803_1",0.394935
"2203_10",0.623201
"4638_10",0.620744
"5922_8",0.614483
"1412_7",0.606877
"77_10",0.606213
"2969_2",0.365568
"8767_1",0.384449
"4379_10",0.619227
"2517_1",0.600683
"8652_1",0.350258
"12464_1",0.343795
"6288_10",0.367951
"12462_1",0.397207
"8370_8",0.604373
"2175_1",0.39373
"8139_10",0.606378
"8339_8",0.614205
"12103_2",0.374373
"3069_1",0.393532
"3674_8",0.628723
"11758_1",0.380236
"6523_3",0.358482
"8790_1",0.367745
"3884_10",0.634588
"1484_10",0.601183
"9212_10",0.603134
"1626_3",0.398963
"4373_2",0.397604
"10492_1",0.37942
"704_2",0.36481
"11563_1",0.371471
"12396_1",0.354427
"5999_1",0.388338
"3725_1",0.398844
"5182_3",0.390572
"2169_2",0.388927
"866_2",0.34414
"5877_10",0.606522
"7385_2",0.351339
"3043_4",0.376545
"63_1",0.313703
"6427_1",0.389114
"9551_2",0.346588
"4711_1",0.362725
"3903_1",0.392689
"6035_8",0.641533
"2987_1",0.316339
"4371_1",0.360799
"4744_1",0.383845
"4449_1",0.376423
"1867_9",0.604736
"2126_1",0.386377
"8046_1",0.39118
"5625_9",0.600285
"802_1",0.345294
"12463_1",0.386232
"2663_1",0.39968
"10457_8",0.612578
"8404_1",0.345662
"2849_3",0.38837
"2015_1",0.37721
"5359_3",0.394016
"10125_8",0.6482
"4527_1",0.396294
"5183_1",0.323057
"8481_1",0.36381
"1771_10",0.617943
"5255_1",0.386762
"8936_1",0.39039
"10457_1",0.388253
"11127_7",0.603047
"12166_2",0.365875
"73_4",0.383978
"4332_2",0.334165
"11704_2",0.394825
"3534_3",0.352948
"180_10",0.625155
"2341_10",0.600579
"10563_2",0.379339
"11147_10",0.608471
"1769_10",0.642398
"11130_1",0.340635
"9113_1",0.397526
"1861_1",0.392672
"4437_8",0.606907
"8091_1",0.390014
"3537_9",0.611947
"1823_9",0.736606
"1533_4",0.229927
"5041_1",0.338903
"2002_1",0.372707
"12360_4",0.388569
"6085_1",0.399082
"1661_1",0.386414
"11898_9",0.635483
"1142_1",0.344003
"3901_9",0.60283
"10310_1",0.390654
"8745_2",0.342669
"10103_1",0.372209
"8494_9",0.612377
"12150_1",0.376823
"6168_2",0.398212
"6964_8",0.399142
"5240_1",0.353079
"7759_1",0.396371
"11817_10",0.675554
"664_3",0.387679
"2833_2",0.381744
"7872_1",0.375607
"204_1",0.37372
"8021_1",0.379432
"202_9",0.612716
"5710_10",0.601606
"3614_10",0.614894
"4486_2",0.390886
"2510_3",0.389497
"10470_10",0.610475
"4542_10",0.619088
"1918_10",0.613214
"3724_10",0.605389
"1458_8",0.627682
"5881_10",0.636157
"1305_1",0.386781
"9439_1",0.362617
"6095_9",0.614194
"10313_10",0.64362
"2444_4",0.397746
"706_10",0.660534
"5913_10",0.638922
"7770_10",0.620915
"6156_8",0.717341
"7022_8",0.613209
"6263_2",0.377072
"5627_3",0.398998
"6356_1",0.38895
"8931_1",0.392496
"6457_10",0.612545
"12126_3",0.387546
"11997_7",0.647717
"11839_1",0.360721
"11268_2",0.355402
"3651_10",0.602076
"4471_8",0.625306
"10430_10",0.634868
"11835_10",0.63832
"5567_10",0.622323
"10871_1",0.379377
"11646_1",0.379521
"8281_3",0.357747
"3958_4",0.367062
"11972_1",0.393817
"5417_10",0.604561
"5510_1",0.394614
"9169_1",0.388513
"4997_1",0.352217
"3712_10",0.604857
"7738_8",0.600323
"327_10",0.607345
"12236_2",0.382804
"3261_1",0.306275
"2795_1",0.317053
"2848_4",0.373054
"909_10",0.611372
"11622_10",0.609128
"6549_1",0.349655
"1779_1",0.393472
"8740_2",0.36923
"252_9",0.602237
"6633_1",0.384128
"10973_7",0.615122
"12079_1",0.38599
"7001_4",0.392985
"2307_8",0.622715
"9500_2",0.397803
"12297_2",0.37732
"10210_7",0.608972
"10334_1",0.386617
"8744_2",0.385808
"5532_8",0.601701
"9328_10",0.629962
"7440_10",0.608091
"5555_10",0.639296
"2110_4",0.397282
"314_2",0.387301
"10721_7",0.631429
"9030_1",0.344965
"11133_1",0.39863
"2174_2",0.353877
"2310_10",0.667047
"6351_4",0.388776
"3342_10",0.609372
"8142_10",0.629429
"2635_1",0.30991
"11312_1",0.374579
"9785_10",0.390786
"5608_3",0.394005
"12130_1",0.627414
"2779_10",0.60599
"7539_10",0.637744
"6070_10",0.608839
"11334_7",0.627796
"322_1",0.361493
"6068_10",0.639614
"440_1",0.389662
"6735_1",0.396668
"11022_8",0.626668
"5142_1",0.381425
"760_1",0.354356
"7811_4",0.37369
"4568_1",0.365937
"6082_3",0.398788
"2247_10",0.606447
"6169_4",0.39269
"7333_1",0.394933
"1271_2",0.601844
"11060_2",0.376152
"3535_1",0.382408
"1130_1",0.355467
"8118_1",0.399086
"9264_10",0.622168
"9787_8",0.633107
"7780_2",0.392121
"3039_8",0.621626
"9655_10",0.611258
"10925_4",0.394026
"4030_2",0.388191
"9410_1",0.387511
"599_1",0.390974
"4028_2",0.385789
"6341_3",0.377263
"5295_1",0.384661
"9441_1",0.36964
"7426_10",0.625509
"2234_7",0.609038
"9725_10",0.675425
"9759_1",0.340233
"4364_1",0.389458
"11575_3",0.373
"10144_1",0.379783
"11507_10",0.619519
"4126_1",0.378281
"9558_10",0.610393
"3095_3",0.286451
"8196_1",0.38289
"520_2",0.385804
"4182_1",0.372051
"11342_10",0.603052
"11148_3",0.373041
"4568_10",0.610259
"6579_3",0.389823
"6738_10",0.602156
"12213_10",0.629135
"4308_1",0.399698
"303_10",0.618573
"12054_2",0.387451
"7201_1",0.347034
"4035_2",0.339784
"6589_9",0.614166
"11324_10",0.617426
"2340_10",0.612083
"11331_1",0.389678
"9328_2",0.382692
"4395_10",0.623395
"3949_10",0.603561
"778_9",0.618515
"3349_10",0.617137
"10115_8",0.615387
"1871_2",0.315203
"12488_8",0.616046
"7832_2",0.392392
"5161_10",0.602493
"10440_1",0.394381
"10524_2",0.397796
"8865_1",0.380997
"11533_9",0.603529
"10640_7",0.636958
"1139_1",0.396664
"5226_7",0.617946
"56_10",0.612594
"7522_10",0.601702
"4055_8",0.606737
"11581_1",0.390955
"3426_10",0.611932
"8506_10",0.616778
"7609_1",0.362505
"9256_8",0.619425
"4729_9",0.606821
"42_10",0.611321
"11509_1",0.390334
"3130_9",0.600672
"7897_1",0.345613
"5700_1",0.39267
"10392_2",0.383593
"6594_10",0.613648
"1146_10",0.608273
"556_1",0.399152
"1832_7",0.618965
"2089_4",0.378096
"3684_10",0.622789
"4042_2",0.367114
"3062_2",0.396659
"11111_10",0.666388
"4416_4",0.399506
"7727_4",0.35917
"2124_8",0.627316
"1621_1",0.395577
"41_9",0.630775
"5399_1",0.373603
"11474_2",0.361966
"2841_9",0.614793
"6656_1",0.366135
"12028_1",0.383184
"10427_10",0.607865
"10714_9",0.600779
"8130_10",0.652641
"8371_10",0.670786
"5898_9",0.601127
"11011_2",0.335844
"8460_8",0.60494
"4363_1",0.365206
"142_1",0.398115
"12302_9",0.613401
"4047_10",0.624584
"10359_1",0.368714
"10128_10",0.637037
"4540_10",0.602286
"571_10",0.602801
"1945_4",0.394683
"11183_4",0.615462
"11043_10",0.678793
"8845_9",0.621751
"943_3",0.360519
"1805_7",0.614074
"4503_10",0.623761
"1897_1",0.331936
"2680_9",0.675736
"4345_1",0.388834
"10512_1",0.349352
"9205_1",0.364508
"11345_1",0.353058
"6736_9",0.636287
"3846_1",0.274315
"5651_2",0.381657
"10779_2",0.347415
"11030_4",0.612163
"10584_3",0.393022
"1908_2",0.379773
"1515_1",0.391405
"4195_1",0.390568
"11838_1",0.389171
"2112_2",0.396816
"5382_4",0.388028
"12013_1",0.378435
"11245_2",0.394604
"248_7",0.606225
"10914_1",0.376284
"1848_2",0.286331
"437_2",0.396275
"4500_9",0.622538
"5415_2",0.368245
"6725_4",0.375709
"12283_1",0.391677
"402_1",0.379768
"461_1",0.301152
"3900_8",0.624408
"6179_10",0.610579
"7839_2",0.388328
"7143_10",0.610678
"4011_8",0.642145
"7868_8",0.609799
"3385_10",0.63808
"3073_2",0.359557
"535_10",0.637329
"4850_7",0.679313
"10429_1",0.387663
"2010_1",0.378017
"9954_4",0.396717
"9533_4",0.391333
"9338_1",0.360152
"11064_2",0.394835
"10152_9",0.609495
"2257_10",0.601003
"4106_9",0.605115
"4037_2",0.357899
"4034_2",0.39463
"8086_1",0.372161
"3893_8",0.600708
"4838_9",0.602728
"2049_1",0.381221
"6926_10",0.602148
"6592_10",0.652691
"5984_10",0.605651
"6167_1",0.387352
"2450_10",0.612566
"9009_3",0.39646
"12063_1",0.392243
"1655_9",0.601305
"1084_1",0.392461
"5147_1",0.608108
"9148_9",0.62396
"8922_10",0.607098
"5978_2",0.351682
"8618_2",0.395779
"6619_1",0.399449
"4350_2",0.382969
"4026_2",0.381976
"3658_1",0.389904
"3255_2",0.373527
"7546_1",0.38409
"7795_1",0.395796
"11818_8",0.617206
"9716_1",0.383983
"5464_10",0.611422
"12059_1",0.399627
"9602_1",0.331878
"7503_8",0.610999
"10868_1",0.386461
"6086_1",0.378281
"9103_1",0.334879
"6631_2",0.369639
"6845_3",0.39201
"10992_10",0.605613
"2554_4",0.39026
"5185_1",0.377311
"8058_1",0.39522
"2789_8",0.622251
"536_3",0.371241
"7074_10",0.603453
"6817_10",0.607874
"6560_1",0.39491
"1245_8",0.623134
"9711_1",0.39476
"9994_10",0.620743
"7581_3",0.371787
"4043_2",0.379016
"1556_1",0.369235
"11792_1",0.388433
"5101_10",0.63064
"6743_1",0.375527
"5990_1",0.369487
"2972_10",0.665794
"659_1",0.390098
"1308_3",0.39579
"11097_3",0.289655
"8695_2",0.399313
"10884_1",0.398101
"705_10",0.604608
"921_1",0.385433
"12326_1",0.399019
"1517_1",0.38409
"8762_10",0.611052
"7764_8",0.625168
"7605_10",0.610117
"8152_1",0.396813
"9109_2",0.397265
"10500_1",0.393819
"10050_8",0.617518
"2482_1",0.39342
"267_1",0.340854
"6981_4",0.399674
"9723_10",0.658291
"5953_1",0.395649
"7603_1",0.370843
"662_4",0.389052
"703_2",0.393171
"11137_10",0.622946
"2086_10",0.616981
"6846_8",0.605023
"12176_1",0.392593
"4027_1",0.364768
"6456_9",0.671253
"10205_10",0.600532
"1437_1",0.394725
"12441_2",0.390587
"7778_10",0.637707
"10161_1",0.371905
"11822_10",0.612343
"8038_10",0.661032
"1792_3",0.292991
"3046_1",0.372897
"237_1",0.369046
"1791_1",0.394322
"3663_10",0.65981
"8753_10",0.602992
"6112_1",0.391283
"5842_10",0.620871
"5767_3",0.393908
"2836_4",0.333555
"11566_8",0.658841
"11864_2",0.339916
"2120_1",0.37565
"62_2",0.320012
"6878_9",0.606331
"4058_8",0.607551
"6834_10",0.665268
"11881_10",0.363308
"2768_2",0.370294
"3845_1",0.394137
"1589_9",0.613801
"4045_2",0.371056
"12410_10",0.605546
"9579_2",0.395011
"229_1",0.382383
"7289_10",0.606065
"5888_10",0.620814
"8274_10",0.625743
"11003_1",0.328365
"7864_2",0.340924
"10741_9",0.616357
"269_8",0.617631
"6404_1",0.383608
"11540_1",0.355293
"5188_2",0.378383
"8445_1",0.341429
"3847_1",0.363575
"9905_10",0.613687
"8659_1",0.399888
"12400_1",0.371686
"1164_1",0.366943
"8901_10",0.605524
"10063_1",0.362038
"10091_1",0.388187
"757_1",0.361299
"11921_7",0.610856
"604_10",0.62636
"1452_9",0.621383
"6010_10",0.60682
"1178_10",0.642093
"529_10",0.605135
"12282_1",0.246802
"9306_1",0.363373
"8181_10",0.602189
"12394_1",0.326728
"10641_1",0.376813
"1828_1",0.394422
"9603_1",0.383868
"8802_10",0.61722
"8294_4",0.388322
"3265_1",0.398143
"9945_3",0.376888
"1320_1",0.397407
"2632_1",0.370128
"9878_9",0.675784
"10597_1",0.29535
"2914_10",0.610673
"2451_1",0.385377
"3816_1",0.392112
"1676_10",0.61726
"2521_10",0.608184
"2552_4",0.398164
"3911_1",0.383929
"1834_2",0.366523
"1847_1",0.393149
"818_1",0.373842
"4259_1",0.291889
"1627_1",0.39665
"1878_1",0.388884
"9464_1",0.399455
"8867_2",0.395836
"11987_3",0.39764
"4710_10",0.618013
"6703_8",0.609988
"1053_10",0.601686
"433_1",0.368032
"8971_10",0.619822
"5965_1",0.360946
"11046_9",0.602591
"554_9",0.629518
"5578_1",0.389826
"10840_9",0.60862
"7024_1",0.391651
"7655_7",0.60775
"3598_9",0.633199
"10531_10",0.626032
"2173_1",0.38409
"9659_1",0.397112
"6595_1",0.365332
"6886_1",0.370862
"5407_1",0.387226
"8113_8",0.648556
"3391_10",0.605592
"7183_1",0.393921
"2619_2",0.398261
"6060_9",0.625021
"7430_1",0.383532
"4453_10",0.602143
"10905_1",0.356432
"5103_10",0.624342
"3035_1",0.396006
"7877_4",0.388346
"3520_3",0.34027
"2506_7",0.609964
"5322_4",0.373072
"23_10",0.601777
"10839_9",0.609664
"8401_10",0.647494
"4177_1",0.362759
"399_8",0.606566
"6474_7",0.616793
"7847_10",0.602001
"6629_1",0.351788
"10548_1",0.397772
"4553_8",0.653738
"2618_1",0.364092
"593_1",0.394826
"9897_9",0.608641
"2774_3",0.39593
"12371_1",0.399519
"421_9",0.63367
"1448_2",0.39624
"7492_2",0.390577
"9416_9",0.61407
"10199_1",0.341736
"7342_2",0.38394
"5938_10",0.603082
"3559_1",0.391345
"10048_1",0.366682
"9262_10",0.646823
"5014_1",0.379988
"1217_7",0.605324
"11800_1",0.394486
"3186_8",0.615872
"560_8",0.619553
"4701_10",0.629451
"8563_1",0.357525
"6159_8",0.61529
"9838_7",0.601538
"8543_10",0.608437
"5245_10",0.605692
"12329_1",0.390739
"10193_7",0.605324
"10048_8",0.629702
"6115_10",0.620988
"1831_9",0.604599
"7925_2",0.392697
"5392_7",0.633482
"4029_1",0.38437
"7900_1",0.399142
"5820_9",0.621554
"8885_3",0.390243
"5979_2",0.342864
"5130_1",0.362619
"10697_1",0.394497
"3528_1",0.357039
"8565_9",0.385628
"6890_10",0.614158
"10808_2",0.299526
"3664_8",0.619963
"10003_8",0.624494
"9416_3",0.382923
"9805_4",0.347012
"775_1",0.383384
"2571_3",0.340537
"3098_1",0.390054
"3192_2",0.395341
"12127_1",0.382463
"10490_1",0.390145
"11733_3",0.390237
"8406_1",0.368482
"4626_1",0.383211
"3458_1",0.377412
"1468_1",0.331315
"1187_1",0.396094
"7200_1",0.357739
"9322_10",0.608996
"2899_4",0.367806
"11861_1",0.382586
"5483_10",0.605735
"8848_1",0.358043
"8374_1",0.391004
"3815_2",0.389521
"2948_9",0.628027
"11291_3",0.360077
"6890_2",0.398916
"942_1",0.381332
"9392_1",0.356092
"10173_8",0.609297
"3897_7",0.619206
"11840_2",0.361732
"10878_1",0.32584
"8188_10",0.60128
"10264_2",0.38449
"10765_10",0.609774
"11000_1",0.345438
"12305_1",0.394659
"11672_1",0.394416
"4442_1",0.337227
"763_10",0.622054
"6305_4",0.659358
"3589_10",0.608285
"496_9",0.619838
"2273_9",0.601288
"10327_1",0.398707
"6957_8",0.611439
"7686_1",0.382917
"6281_1",0.346231
"12492_10",0.614464
"29_10",0.604302
"10568_10",0.614238
"1039_1",0.364701
"9689_1",0.329893
"5088_7",0.619457
"9105_1",0.39494
"4175_1",0.38968
"8726_1",0.375309
"7117_1",0.384061
"8280_10",0.645398
"3660_1",0.373154
"2976_1",0.382547
"240_9",0.614449
"7664_1",0.329626
"4397_7",0.627006
"11382_10",0.603065
"10951_1",0.389664
"4375_1",0.373387
"9536_1",0.39382
"8233_8",0.611755
"9537_1",0.375642
"2468_1",0.382443
"10995_1",0.360326
"2508_1",0.361062
"3093_2",0.389548
"12486_9",0.603669
"7147_10",0.633573
"5931_8",0.629864
"7438_10",0.613702
"7798_1",0.38845
"11380_10",0.615441
"6989_2",0.39812
"4153_8",0.609921
"8528_1",0.375697
"11328_1",0.377142
"5872_10",0.601792
"7330_1",0.360293
"6296_10",0.632315
"5044_10",0.601302
"5189_1",0.385417
"3180_10",0.63091
"2382_2",0.392784
"3579_1",0.364726
"11768_4",0.366819
"3863_10",0.601236
"7579_10",0.614657
"822_1",0.392553
"2000_1",0.335683
"8859_1",0.369266
"4696_2",0.369476
"5204_1",0.359998
"3360_10",0.600861
"1902_10",0.618839
"68_1",0.39672
"2409_1",0.379683
"6882_4",0.362953
"10778_10",0.605682
"8279_10",0.615699
"2963_2",0.389564
"3355_3",0.311953
"790_1",0.354024
"2526_1",0.39474
"7863_1",0.346857
"3864_10",0.607588
"7855_7",0.612854
"2671_2",0.375666
"9988_10",0.607762
"7544_1",0.391405
"11832_10",0.601137
"10256_10",0.607587
"11159_1",0.391984
"6600_1",0.375302
"132_9",0.613576
"614_10",0.629371
"2041_1",0.379312
"4738_1",0.377337
"2078_10",0.645201
"312_4",0.394299
"10047_10",0.613196
"4202_2",0.399295
"8391_2",0.380064
"4317_1",0.399312
"934_10",0.609536
"1058_1",0.364348
"1972_4",0.389171
"8700_1",0.390914
"3853_1",0.333703
"3378_3",0.628109
"5870_8",0.607865
"5412_1",0.375542
"3103_1",0.340476
"1404_10",0.622371
"10700_1",0.393774
"10814_1",0.371701
"9377_1",0.392534
"6092_10",0.636637
"3436_1",0.354789
"10607_1",0.376155
"4108_2",0.372403
"118_1",0.337483
"2649_2",0.314136
"9254_10",0.609768
"6364_4",0.349356
"4428_10",0.703657
"2093_1",0.395872
"10304_7",0.614223
"11292_1",0.39328
"8864_1",0.398502
"12101_2",0.399862
"6520_8",0.602245
"4387_1",0.393698
"10898_2",0.394911
"8583_4",0.394451
"2908_8",0.622412
"1906_1",0.393309
"11849_1",0.397434
"4834_7",0.621417
"9529_2",0.365305
"2124_1",0.33247
"10169_8",0.604744
"3662_9",0.608769
"3628_10",0.601337
"11428_1",0.387672
"2681_10",0.604389
"11372_9",0.600848
"8232_7",0.6087
"8924_1",0.383269
"5919_8",0.638823
"859_1",0.399803
"5182_10",0.60305
"11263_10",0.6372
"3849_1",0.351621
"8242_10",0.617333
"11926_1",0.386327
"8270_1",0.37813
"3115_8",0.602392
"9729_1",0.387533
"256_10",0.618168
"6391_1",0.398063
"4906_10",0.645842
"316_1",0.385161
"523_1",0.377587
"1247_9",0.62367
"6730_1",0.395473
"8886_1",0.258643
"5252_10",0.629055
"2498_4",0.391356
"1200_1",0.395392
"11593_10",0.609579
"9123_10",0.642988
"8264_10",0.618533
"3607_8",0.611347
"1087_10",0.603124
"4368_2",0.385251
"2299_10",0.626934
"8868_1",0.397428
"11159_10",0.603232
"11718_1",0.397939
"5408_1",0.386386
"11794_1",0.383536
"9455_1",0.380932
"9309_2",0.345633
"7193_1",0.39152
"3723_1",0.379573
"6809_8",0.600626
"4176_1",0.351503
"12317_1",0.358537
"11841_1",0.388498
"4300_10",0.610246
"6891_1",0.348084
"5108_2",0.391019
"5013_1",0.385511
"3688_1",0.380663
"8783_1",0.397089
"3848_3",0.389476
"1442_1",0.378316
"11789_9",0.632447
"3362_10",0.610253
"7870_1",0.337722
"10196_1",0.374382
"7202_1",0.364862
"4543_10",0.612143
"5027_8",0.63333
"460_1",0.38184
"5364_10",0.607954
"234_7",0.604936
"11002_8",0.601841
"8408_10",0.67302
"4039_2",0.344047
"1844_9",0.655052
"6726_1",0.32251
"3904_9",0.608782
"2570_4",0.397614
"5258_1",0.39675
"12024_1",0.345656
"6398_9",0.662492
"488_8",0.600042
"8438_1",0.380948
"12233_2",0.389596
"6260_9",0.614919
"4192_1",0.36778
"5537_1",0.387652
"11134_10",0.600178
"9788_1",0.39667
"7944_1",0.381977
"5237_2",0.3934
"7361_1",0.38933
"10461_1",0.391552
"12147_10",0.611778
"5571_10",0.631832
"3264_1",0.379808
"12201_1",0.340405
"10590_9",0.397826
"5174_10",0.600294
"12303_1",0.361572
"2173_8",0.632633
"6464_9",0.637125
"6839_1",0.380987
"1604_8",0.609616
"3134_10",0.616184
"4795_1",0.374571
"8909_3",0.398788
"4551_1",0.390856
"1825_4",0.399771
"4907_1",0.377706
"9326_10",0.606615
"11444_8",0.399158
"12044_10",0.631356
"699_1",0.383689
"4396_10",0.619334
"9912_1",0.396951
"3460_8",0.613863
"7658_10",0.605484
"5893_10",0.616512
"1646_1",0.397428
"11094_3",0.39872
"2378_10",0.612946
"3170_3",0.374749
"10720_8",0.620317
"10063_10",0.603774
"3374_1",0.337314
"10837_1",0.380543
"5920_2",0.36904
"8010_9",0.609394
"9971_9",0.640811
"5684_1",0.365624
"1244_9",0.629593
"3850_1",0.308003
"3997_1",0.381138
"11719_1",0.375559
"6378_9",0.61277
"12364_2",0.389807
"12281_1",0.386755
"2445_8",0.601045
"5648_1",0.368535
"2467_1",0.395202
"7205_1",0.344799
"12458_1",0.353787
"9666_1",0.398134
"6792_9",0.646722
"12315_1",0.383296
"11438_4",0.373028
"7899_1",0.379665
"6083_1",0.360896
"4779_10",0.623463
"8094_2",0.395658
"9359_9",0.611835
"10315_10",0.691982
"1261_1",0.356213
"4922_1",0.387413
"361_1",0.377897
"10463_2",0.393049
"8449_9",0.621342
"438_9",0.616775
"7668_10",0.62504
"4211_7",0.60531
"3052_1",0.386883
"6462_8",0.61239
"10996_1",0.356517
"5386_3",0.385253
"1284_1",0.376151
"4033_2",0.369366
"4655_1",0.355027
"5114_3",0.361878
"9397_1",0.396054
"2974_1",0.394913
"6253_1",0.388008
"879_10",0.714117
"3841_1",0.387598
"2921_1",0.348351
"640_1",0.38716
"11167_10",0.612381
"12362_4",0.396338
"4046_2",0.358493
"9493_4",0.386834
"4805_4",0.61854
"7729_1",0.374157
"7514_1",0.393342
"5189_9",0.605016
"3477_8",0.614733
"758_3",0.346664
"11838_10",0.641898
"7042_1",0.335004
"12182_1",0.378773
"9053_10",0.383586
"9858_10",0.605312
"8419_10",0.610756
"5394_1",0.35461
"6478_1",0.297689
"5988_10",0.625931
"11116_2",0.367967
"10113_1",0.39769
"9600_1",0.398265
"1143_1",0.372999
"7120_1",0.37132
"6264_3",0.390197
"19_10",0.612224
"390_10",0.605791
"9873_2",0.329684
"11806_10",0.61546
"1773_1",0.361234
"6855_1",0.393109
"8939_2",0.381219
"9529_10",0.651437
"11559_1",0.378037
"2659_1",0.389284
"3894_9",0.626095
"6051_9",0.60922
"4542_1",0.391996
"5104_8",0.62193
"6468_8",0.622897
"8439_1",0.334453
"335_2",0.360524
"4549_1",0.397889
"1037_10",0.636611
"2108_1",0.389394
"6135_9",0.612656
"9172_1",0.388785
"4025_2",0.366684
"2335_1",0.386635
"6945_1",0.39885
"8378_4",0.393952
"7902_1",0.374984
"8692_1",0.357323
"697_10",0.607154
"9345_1",0.361215
"1498_1",0.378447
"8895_9",0.627104
"3955_10",0.63615
"9774_10",0.617454
"11508_1",0.390885
"4068_1",0.353044
"8960_1",0.362802
"5813_10",0.683661
"10931_10",0.603628
"7142_8",0.604265
"1049_9",0.65828
"6177_4",0.387415
"2887_2",0.351188
"12321_1",0.343808
"5934_9",0.605393
"7939_1",0.382786
"2422_1",0.386293
"5833_1",0.398844
"12307_3",0.393672
"5329_1",0.388461
"8857_4",0.375752
"5927_8",0.63458
"7105_1",0.367317
"11135_1",0.333704
"10818_10",0.613555
"9426_2",0.389319
"12448_2",0.381683
"7720_1",0.374678
"8755_2",0.386493
"8406_7",0.626344
"5891_10",0.650582
"9389_1",0.394849
"2983_1",0.389482
"7895_1",0.389593
"3359_1",0.381528
"61_1",0.379798
"4169_1",0.375663
"2825_10",0.603624
"10758_10",0.653112
"4772_1",0.395515
"2334_9",0.622706
"3715_10",0.619185
"8231_1",0.398068
"11595_9",0.601205
"7723_1",0.380662
"3854_1",0.377313
"11858_1",0.364764
"1830_9",0.615736
"9554_3",0.343297
"4189_1",0.392579
"4318_1",0.397181
"1449_8",0.614882
"10575_1",0.37113
"261_9",0.629351
"10044_8",0.603474
"10879_10",0.626779
"12442_10",0.622996
"9812_10",0.610009
"10389_1",0.391866
"232_7",0.634541
"3066_1",0.391006
"11437_1",0.376477
"11319_7",0.60456
"6737_3",0.352195
"6019_10",0.618595
"10177_10",0.604359
"12309_1",0.369158
"9390_1",0.367664
"9785_3",0.372983
"2058_2",0.371183
"3866_9",0.606321
"4980_1",0.3945
"5873_10",0.604499
"7379_1",0.394042
"11713_1",0.386402
"11005_1",0.374718
"238_1",0.397055
"8497_10",0.634506
"11727_1",0.384856
"6987_2",0.362568
"2315_1",0.33562
"11591_1",0.392603
"9779_2",0.397025
"2428_1",0.390066
"3188_9",0.602277
"1316_2",0.394401
"3951_10",0.619031
"189_9",0.603771
"1127_1",0.393783
"10688_1",0.330969
"7893_1",0.382199
"6328_10",0.618346
"5685_1",0.378633
"2301_8",0.628621
"12007_2",0.391231
"10093_1",0.319237
"5639_1",0.376958
"8547_10",0.601531
"5746_10",0.613756
"11876_10",0.620173
"7411_4",0.361459
"9296_1",0.356658
"58_8",0.618811
"3999_9",0.613599
"10195_1",0.398533
"2283_10",0.650813
"6468_1",0.375194
"12274_9",0.629203
"12272_8",0.608172
"10281_9",0.662429
"3638_10",0.634077
"4738_10",0.61715
"10978_10",0.674145
"10072_1",0.337138
"9936_1",0.392947
"9581_10",0.611581
"5900_10",0.604457
"11054_1",0.396631
"4734_1",0.344502
"5121_1",0.367698
"5144_1",0.358078
"7822_8",0.61533
"11111_1",0.39165
"2293_8",0.634331
"3465_3",0.397313
"8085_1",0.32235
"3194_1",0.392737
"11075_1",0.361787
"4869_2",0.370499
"3718_1",0.193955
"4369_2",0.38362
"3257_8",0.60437
"5186_1",0.39548
"10261_8",0.620197
"360_9",0.603069
"4857_1",0.397718
"2952_1",0.397304
"11218_8",0.604572
"9450_1",0.37484
"1285_1",0.384295
"7695_10",0.628506
"9434_1",0.387815
"10040_10",0.601085
"5940_9",0.605807
"2196_8",0.607235
"3596_3",0.393466
"2931_1",0.398733
"2400_8",0.621154
"1172_7",0.632927
"2808_4",0.357861
"5257_1",0.363805
"4450_10",0.636447
"12481_10",0.60277
"10444_1",0.391853
"10830_1",0.359527
"11055_1",0.393386
"1915_1",0.359121
"10460_10",0.612893
"5046_9",0.653834
"10140_1",0.379328
"5599_2",0.35654
"9892_10",0.606869
"4402_1",0.383377
"11804_10",0.627692
"5527_7",0.605443
"10312_9",0.628802
"4504_1",0.331163
"8985_1",0.329666
"424_2",0.386523
"8643_4",0.393756
"911_1",0.361185
"6038_10",0.601856
"10365_1",0.365774
"8945_7",0.624072
"8433_1",0.397222
"11746_8",0.60827
"10036_1",0.39668
"3538_1",0.376227
"6949_1",0.382262
"2575_1",0.352597
"4914_2",0.388129
"10994_10",0.622499
"10569_1",0.381414
"8897_7",0.630271
"1864_1",0.324145
"10025_8",0.611614
"11040_8",0.622486
"2292_1",0.391461
"8626_1",0.392418
"12100_10",0.608474
"9131_10",0.680205
"1503_1",0.399055
"11590_1",0.351267
"9312_1",0.377494
"8353_10",0.613906
"4199_8",0.614829
"5843_1",0.388278
"1592_10",0.680411
"5798_1",0.351496
"10282_10",0.632676
"3908_10",0.606289
"12100_1",0.359729
"7670_10",0.608172
"7138_1",0.349896
"5454_4",0.325971
"8338_1",0.366521
"3944_1",0.387541
"11092_2",0.376144
"3700_10",0.61432
"10549_10",0.603952
"3005_10",0.606359
"5925_1",0.394524
"5771_3",0.389653
"12255_2",0.3971
"439_10",0.723313
"1787_1",0.387035
"684_1",0.371948
"6337_1",0.379188
"9943_1",0.398808
"3849_8",0.603367
"2506_1",0.370856
"434_1",0.295955
"7453_1",0.396451
"64_10",0.607972
"7796_10",0.609431
"1864_8",0.600003
"12456_1",0.376099
"10681_2",0.35631
"4614_8",0.648555
"6676_10",0.677642
"4163_1",0.391626
"6202_1",0.340209
"1068_10",0.600808
"11117_1",0.356952
"4889_10",0.62427
"2098_1",0.318761
"1162_10",0.604103
"4383_10",0.62058
"4524_1",0.39811
"5036_8",0.609947
"12263_1",0.392977
"3541_2",0.394993
"10176_9",0.601209
"1918_2",0.381292
"4040_2",0.376541
"10862_9",0.624608
"11551_1",0.316157
"3985_10",0.629961
"1558_2",0.351251
"10151_1",0.398925
"5268_4",0.382282
"5094_10",0.623952
"5049_4",0.362146
"4372_1",0.397015
"436_10",0.621931
"5882_9",0.60928
"2827_9",0.632649
"3451_7",0.603947
"5415_9",0.600242
"5957_1",0.37295
"3262_1",0.359512
"4622_1",0.383223
"71_4",0.396192
"7819_10",0.602631
"10844_10",0.63744
"8768_1",0.398529
"4536_10",0.651775
"7458_1",0.33191
"1659_1",0.386856
"1826_10",0.640231
"12225_1",0.341704
"11434_1",0.284984
"66_10",0.620456
"304_2",0.376059
"7430_8",0.606413
"10049_1",0.368157
"6425_1",0.395292
"2710_1",0.374334
"1331_1",0.197358
"2751_10",0.639201
"602_1",0.352774
"1394_1",0.368722
"6728_1",0.389133
"3254_1",0.209596
"1332_1",0.366587
"11525_1",0.399698
"9804_1",0.346528
"1833_9",0.603515
"3836_10",0.609102
"4624_4",0.398065
"4647_10",0.608004
"888_1",0.351616
"1892_2",0.391877
"12438_1",0.372048
"2798_2",0.398335
"10252_1",0.362452
"7571_1",0.385379
"11085_1",0.372812
"10478_10",0.606085
"5935_7",0.6001
"8371_1",0.39395
"12052_2",0.368654
"12342_1",0.280379
"3559_7",0.62105
"2019_1",0.391022
"8398_1",0.387223
"11663_3",0.387491
"12243_10",0.60367
"6055_10",0.63847
"3386_10",0.632474
"7711_8",0.622877
"7871_9",0.616503
"7497_1",0.352826
"4994_1",0.364809
"2123_8",0.627316
"405_3",0.380683
"9817_8",0.61099
"207_3",0.396209
"4289_10",0.62037
"6344_9",0.616842
"10608_1",0.379558
"8435_9",0.618244
"7589_7",0.626615
"2729_1",0.397034
"6716_1",0.38282
"3506_9",0.643068
"8641_1",0.368111
"8100_8",0.617013
"5871_10",0.613649
"9365_8",0.626455
"3361_10",0.63224
"8952_9",0.605437
"6044_10",0.60538
"5286_9",0.622437
"8759_10",0.604312
"12433_1",0.366154
"3565_8",0.616792
"2213_8",0.604636
"642_2",0.395031
"7418_10",0.624712
"12411_1",0.351927
"2970_10",0.609517
"5002_1",0.35968
"8241_9",0.634131
"1081_3",0.364028
"5670_8",0.602157
"3912_1",0.393631
"5591_9",0.601693
"17_8",0.605841
"5243_1",0.337091
"10435_1",0.353991
"6466_10",0.644678
"3635_9",0.603661
"12062_1",0.361974
"1162_1",0.394712
"9176_1",0.375567
"1140_1",0.387114
"10012_1",0.369935
"2563_1",0.393735
"7035_2",0.117647
"7054_1",0.344784
"1145_9",0.605839
"4684_2",0.39603
"3167_1",0.386375
"7824_1",0.396426
"9565_3",0.380408
"1002_9",0.615739
"1059_10",0.608077
"4946_1",0.371016
"3722_1",0.336747
"11429_7",0.615164
"10558_9",0.637242
"7713_1",0.388797
"9440_1",0.351663
"12351_1",0.383249
"9193_1",0.396737
"11143_9",0.656612
"594_1",0.326808
"130_4",0.373841
"1951_1",0.381528
"7491_10",0.672763
"6723_1",0.358413
"5936_8",0.602352
"8825_8",0.613492
"3913_4",0.380326
"10742_10",0.607252
"4818_10",0.640594
"9223_2",0.345806
"5504_1",0.369622
"3305_7",0.629611
"597_9",0.60333
"6162_10",0.651517
"7455_1",0.396347
"1639_1",0.3879
"6307_9",0.604541
"12311_1",0.394251
"7011_10",0.644729
"10131_7",0.607739
"10517_10",0.616537
"3382_1",0.397874
"6194_10",0.600983
"10510_2",0.391602
"778_1",0.397417
"8237_1",0.353524
"8494_1",0.348678
"2988_3",0.391521
"11419_4",0.395846
"2615_10",0.626346
"10258_1",0.35606
"1173_1",0.384297
"8602_1",0.398308
"11521_1",0.342518
"8079_1",0.386495
"7748_9",0.606558
"3859_1",0.313828
"1497_1",0.363808
"88_10",0.602589
"10469_3",0.386117
"429_3",0.363507
"2104_10",0.613779
"10577_1",0.38465
"4948_10",0.605085
"1591_10",0.617277
"11118_10",0.604482
"7628_1",0.393585
"3394_10",0.653716
"8184_9",0.616819
"3248_2",0.375874
"10418_8",0.627717
"5274_1",0.368906
"5978_10",0.609058
"1346_1",0.389043
"7338_1",0.36353
"3521_2",0.379565
"11053_10",0.62333
"679_10",0.615756
"10965_1",0.396517
"4968_10",0.634794
"9452_2",0.39516
"12094_10",0.616341
"7950_8",0.607746
"12027_1",0.335056
"4505_1",0.38974
"9904_3",0.379259
"7484_1",0.385915
"11248_1",0.399714
"5890_10",0.632893
"11307_1",0.350594
"11991_10",0.39851
"3729_4",0.394357
"6958_10",0.710057
"5091_10",0.611376
"10117_1",0.378094
"6949_9",0.61724
"313_1",0.371196
"7779_10",0.609876
"12164_1",0.362675
"6553_1",0.361497
"5930_8",0.617062
"207_9",0.612399
"443_8",0.600239
"6173_10",0.6288
"4543_2",0.393528
"2773_1",0.387087
"6252_1",0.378761
"9842_1",0.385275
"8162_2",0.34087
"6500_7",0.606392
"3904_2",0.39508
"5037_10",0.615592
"4384_1",0.348952
"6647_1",0.396285
"4766_8",0.606596
"9876_2",0.383752
"11650_1",0.386672
"6980_1",0.385499
"5250_10",0.611445
"10602_2",0.335732
"1260_10",0.608392
"12365_4",0.390233
"12443_10",0.610866
"6923_9",0.607068
"9584_1",0.372285
"3079_2",0.281762
"7727_10",0.610123
"3221_2",0.35703
"7520_1",0.375772
"338_1",0.397668
"4018_10",0.616297
"9540_1",0.366776
"9901_1",0.397677
"8173_10",0.622977
"11957_1",0.38054
"4392_10",0.605211
"1537_2",0.354349
"6090_10",0.611695
"10104_1",0.397476
"10940_1",0.381186
"435_7",0.672524
"5840_10",0.606592
"1149_3",0.358326
"4304_1",0.342518
"441_10",0.613134
"12234_7",0.612991
"8664_10",0.611652
"6351_7",0.620334
"255_10",0.628419
"8910_1",0.394952
"5912_10",0.613042
"8988_1",0.374983
"3448_10",0.603182
"12074_10",0.605491
"5880_1",0.389339
"7658_1",0.372364
"3590_1",0.390476
"735_1",0.3386
"7481_1",0.388109
"11611_1",0.388278
"7814_1",0.384723
"3618_2",0.398658
"12319_1",0.275956
"5703_3",0.380408
"8062_10",0.62243
"6838_9",0.629894
"3557_2",0.399132
"1668_2",0.397526
"5773_10",0.60577
"1144_1",0.384856
"10250_4",0.343444
"7709_2",0.399961
"963_8",0.677762
"10028_10",0.627547
"3602_10",0.642109
"9320_9",0.661351
"2122_1",0.338979
"2005_1",0.391501
"4546_9",0.601075
"9624_1",0.380431
"11693_10",0.604664
"3354_2",0.271383
"2469_10",0.61764
"3653_10",0.622178
"2851_1",0.372309
"6376_10",0.604632
"9867_2",0.396707
"641_1",0.388883
"1829_1",0.297243
"3656_1",0.374498
"10931_2",0.367172
"6875_1",0.358243
"7208_8",0.604463
"7772_8",0.602804
